repo_name,commits
aditirajagopal/docker,397
dongjoon-hyun/docker,377
noironetworks/docker,377
vdemeester/docker,377
docker/docker,377
Djelibeybi/docker,376
yongtang/docker,376
shishir-a412ed/docker,376
Ramzec/docker,376
hypriot/docker,376
sanjeo/docker,376
WeiZhang555/docker,376
daehyeok/docker,376
SUSE/docker.mirror,376
medallia/docker,376
mgoelzer/docker,376
Shopify/docker,376
sebrandon1/docker,376
ardnaxelarak/docker,376
noxiouz/docker,376
nalind/docker,376
rhvgoyal/docker,376
bluebreezecf/docker,376
charleswhchan/docker,376
allencloud/docker,376
projectatomic/docker,376
jessfraz/docker,376
KingEmet/docker,376
londoncalling/docker,376
jimjag/docker,376
tkopczynski/docker,376
coolljt0725/docker,376
mYmNeo/docker,376
cloudflare/docker,376
dnephin/docker,376
splunk/docker,376
twaugh/docker,376
michael-holzheu/docker,376
cpuguy83/docker,376
kencochrane/docker,376
jlebon/docker,376
haoshuwei/docker,376
DieterReuter/docker,376
liubin/docker,376
Yanfeng-Wang/docker,376
msabansal/docker,376
hqhq/docker,376
yp-engineering/docker,376
diogomonica/docker,376
jwhonce/docker,376
dmcgowan/docker,376
gambol99/docker,376
zhuguihua/docker,376
estesp/docker,376
cyphar/docker,376
sdurrheimer/docker,376
jongiddy/docker,376
sfsmithcha/docker,376
yosifkit/docker,376
justincormack/docker,376
hairyhenderson/docker,376
stevvooe/docker,376
rchicoli/docker,376
nghiant2710/docker,376
pecameron/docker,376
amitkris/docker,376
laijs/docker,376
SvenDowideit/docker,376
rlugojr/docker,376
albers/docker,376
wenchma/docker,376
unclejack/docker,376
nawawi/docker,376
jlhawn/docker,376
thaJeztah/docker,376
cr7pt0gr4ph7/docker,376
AkihiroSuda/docker,376
tophj-ibm/docker,376
capkurmagati/docker,376
duglin/docker,376
miminar/docker,376
ollie314/docker,375
toli/docker,375
konstruktoid/docker-1,375
rhardih/docker,375
BenHall/docker,375
rhatdan/docker,375
mbentley/docker,375
mahak/docker,375
wyndell/docker,375
TheBigBear/docker,375
kolyshkin/docker,375
isubuz/docker,375
sheimi/docker,375
xiaods/docker,375
kerneltime/docker,375
errordeveloper/docker,375
Tenk42/docker,375
willmtemple/docker,375
DoraALin/docker,375
sean-jc/docker,374
sunyuan3/docker,374
FWirtz/docker,374
MHBauer/docker,374
anujbahuguna/docker,374
Mashimiao/docker,374
moxiegirl/docker,374
xiaochenshen/docker,374
Altiscale/docker,374
crosbymichael/docker,374
bfirsh/docker,374
runcom/docker,373
inatatsu/docker,373
LaynePeng/docker,373
djs55/docker,372
maxamillion/docker,372
jecarey/docker,372
umerazad/docker,372
endophage/docker,372
rkazak/docker,372
geekylucas/docker,372
achanda/docker,372
nguyentm83/docker,372
TrumanLing/docker,372
OnePaaS/docker,372
cyli/docker,372
pyotr777/docker,372
Microsoft/docker,372
nak3/docker,372
chlorm-forks/docker,372
ZJU-SEL/docker,371
suiyuan2009/docker,371
ivansaracino/docker,371
anortef/docker,371
ailispaw/docker,371
frenkel/docker,371
ehazlett/docker,368
srust/docker,368
HackToday/docker,368
mariussturm/docker,368
solganik/docker,368
tpounds/docker,368
hustcat/docker,368
brahmaroutu/docker,368
contiv/docker,366
Mokolea/docker,366
resin-io/docker,366
ckeyer/docker,366
ObsessiveOrange/docker,366
vsayer/docker,365
icecrime/docker,365
vijaykilari/docker,365
luxas/docker,365
chasebolt/docker,364
gao-feng/docker,364
fsoppelsa/docker,364
ZJUshuaizhou/docker,364
zhangjianfnst/docker,364
jc-m/docker,364
upmio/docker,364
cmehay/docker-1,364
davinashreddy/docker,364
sallyom/docker,364
izarov/docker,364
Krijger/docker,363
aidanhs/docker,361
lindenlab/docker,361
tiborvass/docker,360
carolfh/docker,359
johnsandiford/dockerfiles,358
jessfraz/dockerfiles,358
koep/dockerfiles,358
kimh/docker,357
supasate/docker,357
malnick/docker,357
coreos/docker,356
hyperhq/hypercli,356
HuKeping/docker,356
SaiedKazemi/docker,356
mbanikazemi/docker,355
keloyang/docker,355
fangyuan930917/docker,354
loadingvx/docker,354
fgimenez/docker,354
ricardorsierra/dockerfiles,352
JeffBellegarde/docker,351
hallyn/docker,351
kyle-wang/docker,351
jloehel/docker,350
liaoqingwei/docker,349
skatsuta/docker,349
nigelpoulton/docker,349
pydima/docker,346
swasd/baleno,344
mike1729/docker,343
solanolabs/docker,343
arun-gupta/docker,343
flavio/docker,343
mssola/docker,340
BrianBland/docker,337
fiwareulpgcmirror-org/cloud.docker,336
Test-Betta-Inc/psychic-barnacle,336
Collinux/docker,336
vincentwoo/docker,336
endocode/docker,335
csfrancis/docker,335
aaronlehmann/docker,335
mathewkoshy493/docker,335
rancher/docker,333
ajneu/docker,329
mikebrow/docker,329
clintonskitson/docker,328
Aegeaner/docker,328
Akasurde/docker,326
softprops/docker,326
ItsVeryWindy/docker,326
ktraghavendra/docker,326
mariusGundersen/docker,322
Distrotech/docker,317
mengzechao/docker,317
angryxlt/docker,317
cpswan/docker,317
kytrinyx/docker,317
tbonza/docker,317
zhuohual/docker,317
dbonev/docker,317
rickyzhang82/docker,317
anusha-ragunathan/docker,317
fsouza/docker,317
jasonamyers/docker,316
Neverous/docker,313
s7v7nislands/docker,313
akira-baruah/docker,313
mauidev/docker,313
oceanwu/docker,313
mikedanese/docker,313
qzio/docker,311
jc-m/docker-medallia,311
genedna/docker,311
rhuss/docker,311
pmalmgren/docker,311
jameseggers/docker,311
askb/docker,311
JMesser81/docker,303
sreejithr/docker,303
ashmo123/docker,303
flythecircle/gotojourney,302
zelahi/docker,302
haugene/docker,302
nathanleclaire/docker,301
ChristianBoehlke/docker,301
mrfuxi/docker,300
clnperez/docker,300
armbuild/docker,298
gaobrian/docker,298
sevenot/docker,293
aishraj/docker,293
j-mracek/docker,293
yangdongsheng/docker,293
ekuric/docker,292
lmesz/docker,292
zhouxiaoxiaoxujian/docker,292
juliengk/docker,292
yuewko/docker,292
mqliang/docker,292
jefby/docker,292
ksasi/docker,292
mtrmac/docker,292
jthelin/docker,292
vanpire110/docker,292
vikstrous/docker,292
rgl/docker,292
PatrickAuld/docker,292
varuntomar2003/docker,292
shiroyuki/docker,290
bogdangrigg/docker,290
michael-k/dockerfiles-jessfraz,287
stefanberger/docker,285
bsmr-docker/docker,285
portworx/docker_v1.9.0,284
anthonydahanne/docker,284
scollier/docker,284
kwk/docker,284
zczc0128/docker,284
ngorskig/docker,284
tianon/docker,284
kunalkushwaha/docker,284
shuhuai007/docker,284
YuanZhewei/docker,284
Mic92/docker,284
14rcole/docker,284
LalatenduMohanty/docker,284
asbjornenge/docker,283
EricPai/docker,282
loodse/docker,282
rsmoorthy/docker-1,282
nnordrum/docker,282
masa-ike/docker,281
cwandrews/docker,281
Evalle/docker,281
maaquib/docker,277
tomzhang/docker,277
frachel/docker,276
twistlock/docker,271
mpatlasov/docker,271
rwincewicz/docker,271
gbarboza/docker,270
CodeJuan/docker,270
lyndaoleary/docker,270
wcwxyz/docker,270
circleci/docker,269
makinacorpus/docker,269
gesellix/docker,268
vincentbernat/docker,268
kdomanski/docker,268
RichardScothern/docker,267
harche/docker,267
ndeloof/docker,264
jrjang/docker,264
peterlei/docker,264
buddhamagnet/docker,264
flowlo/docker,261
Gobella/docker,261
BrickXu/docker,261
lyft/docker,260
dgageot/docker,260
jonathanperret/docker,260
Zenithar/docker,256
DDCCOE/docker,256
vegasbrianc/docker,256
chengjinlee/docker,256
linjk/docker,256
4devnull/docker,256
wagzhi/docker,256
beealone/docker,256
susan51531/docker,256
ferbe/docker,256
lordzero0000/docker,256
rajurs/docker,256
originye/docker,256
afein/docker,256
Sleepychord/docker,256
vyshaliOrg/docker,256
liusdu/docker,256
shot/docker,256
andrewnguyen/docker,256
KimTaehee/docker,256
micahhausler/docker,256
toophy/docker,256
franklyhuan/docker-1,256
errodr/docker,256
MarginC/docker,256
Means88/docker,256
erikh/docker,256
paulczar/docker,256
NathanMcCauley/docker,256
sidharta-s/docker,256
CodyGuo/docker,256
ideaar/docker,256
anhzhi/docker,256
portworx/docker,256
Jarema/docker,256
AnselZhangGit/docker,256
deletoe/docker,256
thomasfrancis1/docker,256
skoblenick/docker,256
mgireesh05/docker,256
markprokoudine/docker,256
bacoboy/docker,256
manchoz/docker,256
tklauser/docker,256
arnib/docker,256
krisdages/docker,256
ai-traders/docker,256
teotihuacanada/docker,256
natehefner/docker,256
lucasjo/docker,255
beni55/docker,255
wowsoso/docker,255
xiekeyang/docker,255
janghwan/docker,255
rabbitcount/docker,255
zhangg/docker,255
yangoliver/docker,255
matthiasr/docker,255
ygravrand/docker,254
danqingshui/docker,254
ZenikaOuest/docker,254
Yhgenomics/docker,254
morninj/docker,254
sharmasushant/docker,254
heartlock/docker,254
iskradelta/docker,254
xiaoshaozi52/docker,254
ydhydhjanson/docker,254
waghpooja/docker,254
FollowMyDev/docker,254
iaintshine/docker,254
awanke/docker,254
hewei10/docker,254
wesseljt/docker,254
chatenilesh/docker,254
matthewvalimaki/docker,254
keerthanabs1/docker,254
psquickitjayant/docker,254
adouang/docker,254
mheon/docker,254
justsml/docker,254
hbdrawn/docker,254
binario200/docker,254
mc2014/docker,254
srevereault/docker,254
carlosvquezada/docker,254
mj340522/docker,254
jordimassaguerpla/docker,254
chanwit/docker,254
bertyuan/docker,254
lsheiba/docker,254
LoHChina/docker,254
glennblock/docker,254
wayneiny/docker,254
michael-donat/docker,254
guard163/docker,254
j-bennet/docker,254
SFDMumbaiDockerHackathon/docker,254
cflannagan/docker,254
oguzcanoguz/docker,254
v47/docker,254
mapuri/docker,254
rsmitty/docker,254
waitingkuo/docker,254
rocknrollMarc/docker,254
burakcakirel/docker,254
rijincp/docker,254
anoshf/docker,254
divya88ssn/docker,254
scapewang/docker,254
michaelhuettermann/docker,254
dongjiaqiang/docker,254
MikeJoyce/docker,254
NunoEdgarGub1/docker,254
toolchainX/docker,254
Morgy93/docker,253
ntrvic/docker,253
0xfoo/docker,253
lastgeniusleft2004/docker,252
Ye-Yong-Chi/docker,252
jrslv/docker,252
dnascimento/docker,252
aneshas/docker,252
BWITS/docker,252
glycerine/docker,252
VincentYu/docker,252
epc/docker,252
HankCoder/docker,252
jingjidejuren/docker,252
shliujing/docker,252
opreaadrian/docker,252
bpradipt/docker,252
kirankbs/docker,252
lbthomsen/docker,252
chavezom/docker,252
Samurais/docker,252
noqcks/docker,252
omni360/docker,252
imikushin/docker,252
Mikebook/docker,252
pgmcd/docker,252
hacpai/docker,252
rbarlow/docker,252
sadegh/docker,252
renrujue/docker,252
macat/docker,252
alekhas/docker,252
manoj0077/docker,252
yiqihaha/docker,252
alanmpitts/docker,251
tt/docker,250
kathir2903/docker,250
NIWAHideyuki/docker,250
HideoYamauchi/docker,250
NOX73/docker,250
devmeyster/docker,250
femibyte/docker,250
Lanzafame/docker,250
dangwy/docker,250
AlligatorSinensis/docker,250
hristozov/docker,250
VishvajitP/docker,250
ctrombley/docker,250
labkode/docker,250
outcoldman/docker,250
ken-saka/docker,250
lukaszraczylo/docker,250
gzoller/docker,250
myPublicGit/docker,250
pebcac/docker,250
TigN/docker,250
sirxun/docker,250
mittalms/docker,250
zhaoshengbo/docker,250
serandrzej/docker,249
orih/docker,249
chlunde/docker,249
inversion/docker,249
newrelic-forks/docker,249
fancyisbest/docker,249
slavau/docker,248
James0tang/docker,248
pkdevbox/docker,248
andyxator/docker,248
marimokkori/docker,248
CrazyJvm/docker,248
marineam/docker,248
rentongzhang/docker,248
sudosurootdev/docker,248
josegonzalez/docker,248
deliangyang/docker,248
tbronchain/docker-1,248
felayman/docker,248
bbox-kula/docker,248
Snorch/docker,248
daviddyball/docker,248
gluwaile/docker,248
raghavtan/docker,248
bru7us/docker,248
eihero/docker,248
1yvT0s/docker,248
farwish/docker,247
tonymwinters/docker,244
sunxiang0918/docker,243
matrix-stone/docker,243
msagheer/docker,243
gnawux/docker,243
chenrui2014/docker,243
xuxinkun/docker,243
ggerman/docker,243
brandonsimpson/docker,243
itsNikolay/docker,242
songinfo/docker,242
DarknessBeforeDawn/docker,242
axsh/docker,242
springning/docker,242
brianbirke/docker,239
kvchampa/Docker,239
mikedougherty/docker,239
StevenLudwig/docker,239
yang1992/docker,239
giorrrgio/docker,239
tombee/docker,239
torfuzx/docker,239
arneluehrs/docker,239
SeMeKh/docker,239
mimoralea/docker,239
kingland/docker,239
Ajunboys/docker,239
rsampaio/docker,239
puxos/docker,239
jjn2009/docker,238
yasker/docker,238
suiyuinfo/docker,238
Kaffa-MY/docker,238
phiroict/docker,238
jwuwork/docker,238
fmoliveira/docker,238
rothgar/dockerfiles,238
stannie42/docker,238
liu-rui/docker,238
chiting/docker,238
gospo/docker,238
cls1991/docker,238
jimmyyan/docker,238
dharmit/docker,238
mtanlee/docker,238
booyaa/docker,238
dqminh/docker,238
SharpLee/docker,238
azurezk/docker,238
hariharan16s/docker_vlan,238
wescravens/docker,238
mhsjlw/docker,238
spinolacastro/docker,238
POLJM242/docker,238
devonharvey/docker,238
roxyboy/docker,238
unodba/docker-1,236
sharifmamun/docker,236
smw/docker,236
nf/docker,236
klshxsh/docker,236
hongbinz/docker,236
tuxknight/docker,236
balajibr/docker,236
binhex/fork-docker,236
elancom/docker,236
zoomis/docker,236
larchunix/docker,236
304471720/docker,236
ArtyomKa/docker,236
boite/docker,236
vislee/docker,236
Chhunlong/docker,236
wackyapples/docker,236
kenken0926/docker,236
jonathan-beard/docker,236
yyljlyy/docker,236
ch3lo/docker,236
raharsha/docker,236
remh/docker,236
wdxxs2z/docker,236
mukgupta/docker,236
jacobxk/docker,236
youprofit/docker,236
pugnascotia/docker,236
hacfi/docker,236
wenlock/docker,236
paralin/docker,236
icaroseara/docker,236
robhaswell/docker,236
sc4599/docker,236
JuliusAlexanderIV/docker,236
keyan/docker,236
yoshiotu/docker,236
nakuljavali/docker,236
azweb76/docker,236
rootfs/docker,236
jagdeesh109/docker,236
lioryanko/docker,236
silentnull/dockerfiles,234
bajh/docker,234
vanloswang/docker,234
cc272309126/docker,234
nkuacac/dockerfile,234
veggiemonk/docker,234
aboch/docker,233
bq-xiao/docker,233
jssnlw/docker,232
dezon/docker,232
gaowenbin/docker,232
ankushagarwal/docker,231
yuanzougaofei/docker,231
MaxCy330/docker,231
bronzdoc/docker,231
ayouwei/docker,231
summershrimp/docker,231
akshaykarle/docker,231
tangkun75/docker,231
fairyeye/docker,230
wangcy6/docker,230
asridharan/docker,230
stormltf/docker,230
vlajos/docker,229
stefanschneider/docker,228
rvesse/docker,228
SnakeDoc/docker,228
kostickm/docker,228
duguhaotian/docker,228
alecbenson/docker,228
beatle/docker,228
jmhardison/docker,228
sidharthgoel/docker,228
jengeb/docker,228
metalivedev/dockerclone,228
clearlinux/docker,227
jamesodhunt/docker,227
campoy/docker,226
mhrivnak/docker,226
wulonghui/docker,226
snailwalker/docker,226
swarup-donepudi/docker,226
Gemini-Cain/docker,226
dinhxuanvu/docker,226
gmanfunky/docker,226
wzzrd/docker,226
moul/docker,226
nickandrew/docker,226
crawford/docker,226
mruse/docker,226
Kevin2030/docker,226
l0rd/docker,226
JohnyDays/docker,226
huxingbang/docker,225
cstroe/docker,224
dmizelle/docker,224
izaakschroeder/docker,224
uestcfyl/docker,224
kvasdopil/docker,224
jamesmarva/docker,224
carlanton/docker,224
SunWeicheng0001/docker,224
DBCDK/docker,222
xnox/docker,222
ChanderG/docker,222
WPH95/docker,222
ottok/docker,222
cvallance/docker,222
jessfraz/dotfiles,222
chrisseto/docker,221
justanshulsharma/docker,221
selvik/docker,221
dwcramer/docker,221
brianfoshee/docker,221
BrianHicks/docker,221
JosephSalisbury/docker,221
jvanz/docker,221
gs11/docker,220
xiaojingchen/docker,220
whuwxl/docker,220
quaintcow/docker,220
pwaller/docker,220
ChoyHy/docker,220
reem/docker,220
ABaldwinHunter/docker,217
xyliuke/docker,217
yoanisgil/docker,217
jgeiger/docker,215
lovishdogra/docker,215
AugustusHuang/docker,215
YHM07/docker,215
j-stew/git_sandbox,213
dcbw/docker,213
insequent/docker,212
qiurenbo/docker,210
devx/docker,210
Poogles/docker,210
nickschuch/docker,210
dashengSun/docker,210
ethernetdan/docker,210
glevand/coreos--docker,210
jpopelka/docker,210
ewindisch/docker,210
AdamOssenford/docker-pi,210
KumaranKamalanathan/docker,209
basvdlei/docker,209
liangchenye/docker,209
nicolasmiller/docker,209
OrenKishon/docker,209
nabeken/docker,209
pascaldekloe/docker,209
sevki/docker,209
jonahzheng/docker,207
foobar2github/docker,207
scotttlin/docker,207
whosthatknocking/docker,207
shenxiaochen/docker,207
terminalcloud/docker,207
zaxbbun/docker,207
Verolop/docker,207
akutz/docker,207
sivabizruntime/dockerfile,206
himanshu0503/docker,206
cnbin/docker,206
minidoll/docker,206
kkirsche/docker,206
zmarouf/docker,205
robort/docker,205
docteurklein/docker,205
misterbisson/docker,205
SophiaGitHub/hello,205
lsxia/docker,205
alex-aizman/docker,205
SophiaGitHub/newGitHub,205
kojiromike/docker,205
itsnuwan/docker,205
rohitkadam19/docker,205
bkeyoumarsi/docker,205
maximkulkin/docker,204
anshulr/docker,204
airandfingers/docker,204
mnuessler/docker,203
dit4c/docker,203
christopherobin/docker,203
MrArnoldPalmer/docker,203
GeertVL/docker,203
hvnsweeting/docker,203
pmorie/docker,203
samsabed/docker,203
YanFeng-Adam/docker,203
YujiOshima/docker,203
hhrutter/docker,203
gzjim/docker,203
raychaser/docker,203
chrismckinnel/docker,203
krishnasrinivas/docker,203
yonidavidson/docker,203
rghv/docker,203
kiranmeduri/docker,203
sheavner/docker,203
xiaozi0lei/docker,203
sanimej/docker,203
chenchun/docker,203
timwraight/docker,203
abiosoft/docker,203
lizf-os/docker,200
davidrjenni/docker,200
sameedali/dockerfiles,200
thockin/docker,200
mudverma/docker,199
konstruktoid/dockerfiles,199
denis-pitul/docker,199
gomesp/dockerfiles,199
jfreites/dockerfiles,199
shaded-enmity/docker,199
ypid/docker,199
rickcuri/docker,199
bexelbie/docker,199
jameszhan/docker,199
d23/docker,199
tsuna/docker,199
eolamey/docker,199
olleolleolle/docker,199
rschmidtz/dockerfiles,198
sh1nu11bi/dockerfiles,198
ychaim/dockerfiles,198
mchasal/docker,198
jay754/dockerfiles,198
saneax/dockerfiles,197
leroy-chen/docker,197
ponsfrilus/docker,197
coolsvap/docker,196
pdumais/docker,196
anchal-agrawal/docker,195
samuelkarp/docker,194
jvgogh/docker,193
Shinzu/docker,192
wtschreiter/docker,192
ngpestelos/docker,192
mattmoor/docker,191
brightshine/docker,191
rajdeepd/docker,191
affo/docker,191
sanketsaurav/docker,191
4is2cbetter/docker,191
gluwaile/dockerfiles,187
justone/docker,184
andersjanmyr/docker,184
E312232595/docker,184
wangcan2014/docker,184
MabinGo/docker,184
alibaba/docker,184
pdevine/docker,184
paulczar/dockerfiles,183
vikstrous/dockerfiles,183
scottkiss/dockerfiles,183
barajus/dockerfiles,182
squaremo/docker,182
mattrobenolt/docker,182
slok/docker,182
gonkulator/docker,182
boucher/docker,182
huikang/docker,182
thorduri/docker,182
dave-tucker/docker,182
ivinpolosony/docker,182
GrimTheReaper/docker,182
peter1000/dockerfiles,181
roth1002/docker,180
gtsalles/dockerfiles,179
infoslack/dockerfiles,179
merwok/dockerfiles,179
Carrotzpc/docker,176
nghiant2710/test-docker,175
thieman/docker,175
mrjana/docker,175
jopecko/dockerfiles,174
natanovia/dockerfiles,174
xydinesh/dockerfiles-1,173
Ninir/docker,172
alfredoedye/dockerfiles,172
spacediver/dockerfiles,170
mavenugo/docker,168
gorcz/docker,168
camallen/docker,168
tagomoris/docker,168
sergeyevstifeev/docker,168
conejoninja/dockerfiles,167
qilong0/docker,166
josemonsalve2/docker,166
seanmcdaniel/docker,165
bleuchtang/docker,165
carlye566/docker_eric,165
kickinz1/docker,165
ahmetalpbalkan/docker,164
aarondav/docker,162
draghuram/docker,162
yuchangchun1/docker,162
companycy/docker,161
vbatts/docker,161
ctmnz/docker,159
gabrielhartmann/docker,158
jessfraz/.vim,158
maxwell92/docker,157
nicholaskh/docker,157
mgood/docker,157
gcuisinier/docker,157
sharidas/docker,157
dhiltgen/docker,157
velo/dockerfiles,156
allingeek/dockerfiles,156
merwok/docker,155
elipiwas/DockerBirthday,155
jamiehannaford/docker,155
alena1108/docker,155
lloydde/docker,154
frioux/dockerfiles,153
ageekymonk/dockerfiles,153
chrisdaish/dockerfiles,152
lauly/dr,152
ngineered/dockerfiles,152
adusia/docker,151
dataduke/dockerfiles-1,151
twosigma/docker-old,151
spf13/docker,151
JarenGlover/dockerfiles,150
poppingtonic/dockerfiles,150
wlan0/docker,149
AkihikoITOH/dockerfiles,149
1dot75cm/docker,149
mountkin/docker,149
RepmujNetsik/docker,146
goodwinos/docker,143
1HLtd/docker,143
jmtd/docker,140
MSOpenTech/docker,139
crquan/docker,139
newsoft/docker,139
ycaihua/docker,136
MjAbuz/docker,133
ClusterHQ/docker-plugins,130
matthewlshields/dotfiles,127
euank/docker,127
iamthemuffinman/.vim,124
kawamuray/docker,120
bobrik/docker,120
dyema/docker,114
cezarsa/docker,113
gdi2290/docker,105
kessyus/.vim,102
sidzan/docker,100
fmoliveira/jess-dotfiles,99
petersellars/.vim,99
100star/docker,96
kriegdata/.vim,95
hopil/dotfiles,94
vmware/docker,86
ClusterHQ/docker,85
13W/docker,85
NERSC/docker,85
mikedougherty/engine-api,82
jessfraz/engine-api,82
jwhonce/engine-api,82
msabansal/engine-api,82
docker/engine-api,82
rhatdan/engine-api,82
jessfraz/containers,79
porjo/docker,78
docker/go-connections,76
ashahab-altiscale/docker,76
caofangkun/docker-docker,75
zchrykng/dotfiles,73
majst01/docker,73
ehudkaldor/dotfiles,73
gluwaile/dotfiles,72
jessfraz/onion,71
bboreham/docker,70
agonzalezro/docker,66
weizhenwei/docker,65
paulczar/dotfiles,65
docker/leeroy,55
jessfraz/blog,48
mjbrender/leeroy,47
SvenDowideit/leeroy,46
EIrwin/leeroy,45
hawky-4s-/leeroy,45
jessfraz/weather,43
michaelneale/leeroy,40
jessfraz/gh-patch-parser,38
JarenGlover/dotfiles,38
jessfraz/riddler,37
jessfraz/google-analytics-dump,35
Graylog2/leeroy,33
jessfraz/directory-theme,33
jessfraz/leeroy,33
kennethlimcp/blog,32
tombee/debian-dotfiles,26
fmoliveira/hashtag-pull,25
jessfraz/hashtag-pull,25
kmtuhin/hashtag-pull,25
mediaagency/hashtag-pull,25
hsavit1/hashtag-pull,25
sequenceiq/docker,23
AtwoodCSB/Docker,23
LK4D4/docker,23
docker/docker-bb,22
cyli/notary,21
andrewhsu/notary,21
SvenDowideit/notary,21
endophage/notary,21
NathanMcCauley/notary,21
mtrmac/notary,21
jmelfi/notary,21
jessfraz/notary,21
moxiegirl/notary,21
HuKeping/notary,21
docker/notary,21
riyazdf/notary,20
davidwilliamson/notary,19
docker/go,19
docker/gordon-bot,18
jessfraz/go,18
eparis/docker,17
burke/docker,17
tobert/docker,16
jessfraz/magneto,16
jessfraz/cliaoke,16
jessfraz/gordon-bot,15
jessfraz/pony,15
jessfraz/bane,15
witcxc/docker,15
Evalle/weather,15
mieciu/docker,15
keloyang/runc,13
dqminh/runc,13
laijs/runc,13
justincormack/runc,13
hqhq/runc,13
mikebrow/runc,13
inatatsu/runc,13
cloudfoundry-incubator/runc,13
mYmNeo/runc,13
rhatdan/runc,13
cyphar/runc,13
abduld/runc,13
xiaochenshen/runc,13
jessfraz/runc,13
opencontainers/runc,13
rajasec/runc,13
ZJU-SEL/runc,13
hmeng-19/runc,13
duglin/runc,13
albertoleal/runc,13
crosbymichael/runc,13
lindenlab/notary,12
bgrissin/notary,12
cw2018/notary,12
stefanberger/runc,12
runcom/runc,12
jbeda/notary,12
vikstrous/notary,12
xiekeyang/notary,12
estesp/runc,12
wangkirin/runc,12
SachinSetiya/notary,12
jessfraz/pastebinit,12
dnascimento/notary,12
sjfloat/notary,12
kimh/runc,12
ggtools/notary,12
thaJeztah/binctr,11
minhoryang/notary,11
bsmr-docker/notary,11
jessfraz/docker-bb,11
jessfraz/macgyver,10
jessfraz/s3server,10
jessfraz/netns,9
jessfraz/nsqexec,9
jessfraz/random-forest-classifier,9
hemanthkumarsa13/test,9
jessfraz/generator-xbars,8
jessfraz/netscan,8
glamp/generator-reasonable-node,8
nkwilson/runc,7
jessfraz/budf,7
jessfraz/pure-javascript-set,7
marcosnils/runc,7
grunya404/notary,7
fabiokung/runc,7
jessfraz/ga,7
jessfraz/udict,7
rhvgoyal/runc,6
jessfraz/battery,6
NonerKao/runc,6
clnperez/runc,6
mheon/runc,6
patf/boulder,6
baoyangc/runc,6
booyaa/runc,6
gitido/runc,6
jessfraz/boulder,6
crosbymichael/octokat,6
navidshaikh/runc,6
liuwharton/runc,6
calavera/runc,6
jsha/boulder,6
sunyuan3/runc,6
benileo/boulder,6
lizf-os/runc,6
ibukanov/boulder,6
wcwxyz/runc,6
jessfraz/strace2elastic,6
willmtemple/runc,6
markllama/runc,6
han-wang/runc,6
boucher/runc,6
ChengTiesheng/runc,6
huikang/runc,6
bmw/boulder,6
maxamillion/runc,6
HardikDR/runc,6
SvenDowideit/octokat,6
balajibr/runc,6
WeiZhang555/runc,6
HuKeping/runc,6
carlye566/runc,6
rootfs/runc,6
chenchun/runc,6
shishir-a412ed/runc,6
whosthatknocking/runc,6
vbatts/runc,6
moypray/runc,6
YujiOshima/runc,6
jhjeong-kr/runc,6
ekuric/runc,6
hxfeng/runc,6
letsencrypt/boulder,6
meihuabo/runc,6
InformatiQ/runc,6
axsh/runc,6
sallyom/runc,6
mehmooda/boulder,6
cxxly/runc,6
dieface/runc,6
zenlinTechnofreak/runc,6
avagin/runc,6
talwai/runc,6
wking/runc,6
ligurio/runc,6
subuser-security/runc,6
adrianreber/runc,6
kolyshkin/runc,6
aidanhs/runc,6
ddnbgroup/runc,6
haijunTan/runc,6
intfrr/runc,6
dhiltgen/cfssl,5
ycaihua/libcontainer,5
rsampaio/runc,5
runcom/libcontainer,5
estesp/libcontainer,5
jwuwork/runc,5
jessfraz/floppercon,5
BrickXu/libcontainer,5
mitchcapper/cfssl,5
docker/libcontainer,5
chlorm-forks/libcontainer,5
APTy/cfssl,5
keloyang/libcontainer,5
mrunalp/runc,5
Microsoft/libcontainer,5
shenxiaochen/libcontainer,5
LTD-Beget/libcontainer,5
jessfraz/dstats,5
LK4D4/runc,5
drcapulet/cfssl,5
jessfraz/cli-aoke,5
jessfraz/feeds-script,5
boucher/libcontainer,5
whuwxl/libcontainer,5
ycaihua/runc,5
mapk0y/runc,5
tangkun75/libcontainer,5
endocode/cfssl,5
crosbymichael/libcontainer,5
jhowardmsft/runc,5
w4ngyi/libcontainer,5
Mashimiao/libcontainer,5
codyli520/cfssl,5
thaJeztah/libcontainer,5
rolandshoemaker/cfssl,5
ZJU-SEL/libcontainer,5
zhangyancoder/libcontainer,5
slevental/libcontainer,5
cloudflare/cfssl,5
mheon/libcontainer,5
dqminh/libcontainer,5
gwoo/runc,5
hqhq/libcontainer,5
rhatdan/libcontainer,5
ingvagabund/kubernetes,4
ZTE-PaaS/kubernetes,4
Hui-Zhi/kubernetes,4
elgalu/docker-mon,4
sebrandon1/kubernetes,4
deads2k/kubernetes,4
liggitt/kubernetes,4
kubernetes/kubernetes,4
fabioy/kubernetes,4
soltysh/kubernetes,4
csrwng/kubernetes,4
piosz/kubernetes,4
jcjones/boulder,4
icecrime/docker-mon,4
colemickens/kubernetes,4
madhusudancs/kubernetes,4
hodovska/kubernetes,4
endocode/kubernetes,4
jwhonce/kubernetes,4
hlandauf/boulder,4
mikedanese/kubernetes,4
luxas/kubernetes,4
mboersma/kubernetes,4
kargakis/kubernetes,4
dims/kubernetes,4
MustWin/kubernetes,4
fejta/kubernetes,4
danieldreier/kubernetes,4
feiskyer/kubernetes,4
kevensen/kubernetes,4
mfanjie/kubernetes,4
saad-ali/kubernetes,4
duesee/boulder,4
mbruzek/kubernetes,4
mtaufen/kubernetes,4
maisem/kubernetes,4
girishkalele/kubernetes,4
jeffvance/kubernetes,4
ravilr/kubernetes,4
nhlfr/kubernetes,4
intelsdi-x/kubernetes,4
mdshuai/kubernetes,4
adamreese/kubernetes,4
aveshagarwal/kubernetes,4
anish/kubernetes,4
mosoft521/kubernetes,4
spxtr/kubernetes,4
rootfs/kubernetes,4
screeley44/kubernetes,4
mozmark/boulder,4
rrati/kubernetes,4
ibm-contribs/kubernetes,4
childsb/kubernetes,4
aledbf/kubernetes,4
dubstack/kubernetes,4
fgrzadkowski/kubernetes,4
AdoHe/kubernetes,4
r0ro/boulder,4
mfojtik/kubernetes,4
roberthbailey/kubernetes,3
cyli/gotuf,3
assad2012/ggplot,3
josharian/go,3
no2key/docker-bench-security,3
lusitania/docker-bench-security,3
Q-Lee/kubernetes,3
jessfraz/vidalia,3
andnovar/ggplot,3
HuKeping/docker-bench-security,3
cjdrake/kubernetes,3
laijs/go,3
wllmtrng/ggplot,3
jessfraz/docker-bench-security,3
jpoirier/go,3
bitemyapp/ggplot,3
chrislovecnm/kubernetes,3
iangelov/docker-bench-security,3
jessfraz/trojan,3
mclem/cfssl,3
ricket1978/ggplot,3
has2k1/ggplot,3
nicolaka/docker-bench-security,3
cloudflare/redoctober,3
udacity/ggplot,3
Cophy08/ggplot,3
riscv/riscv-go,3
timperman/docker-bench-security,3
linux-on-ibm-z/go,3
liron-l/docker-bench-security,3
mikebrow/kubernetes,3
nawawi/go,3
eco32i/ggplot,3
philhofer/go,3
diogomonica/docker-bench-security,3
theif519/go,3
salmanbaset/docker-bench-security,3
benslice/ggplot,3
jessfraz/systemd-butts,3
soupdiver/kubernetes,3
Sauraus/docker-bench-security,3
gmanfunky/docker-bench-security,3
xguse/ggplot,3
golang/go,3
jumanjiman/docker-bench-security,3
nak3/kubernetes,3
kmather73/ggplot,3
aaam/docker-bench-security,3
rlugojr/kubernetes,3
pwittrock/kubernetes,3
runcom/gotuf,3
endophage/gotuf,3
jsafrane/kubernetes,3
docker/docker-bench-security,3
duglin/kubernetes,3
adityakali/kubernetes,3
matthewdupre/kubernetes,3
petersellars/docker-bench-security,3
amegianeg/docker-bench-security,3
ksshannon/go,3
konstruktoid/docker-bench-security,3
verb/kubernetes,3
phuslu/go,3
smblance/ggplot,3
mizzao/ggplot,3
mikezawitkowski/ggplot,3
diogomonica/gotuf,3
wongma7/kubernetes,3
netbrick/dokku,2
hanwoody/dokku,2
akarambir/dokku,2
fmoliveira/dokku,2
eleventigers/dokku,2
experimental-platform/dokku,2
bkniffler/dokku,2
netbrick/dokku-alt,2
jimeh/dokku,2
Go-zh/go,2
mlebkowski/dokku,2
apcera/kubernetes,2
basicer/dokku,2
jessfraz/tupperwarewithspears,2
stnly/dokku-alt,2
leonardodino/dokku,2
concord/universe,2
ertrzyiks/dokku,2
fhferreira/dokku,2
dsrowell/dokku-alt,2
kensipe/universe,2
beni55/dokku,2
dokku-alt/dokku-alt,2
bogdal/dokku,2
klodoo/dokku,2
johscheuer/kubernetes,2
vlipco/dokku,2
sebastianscatularo/dokku,2
mesosphere/universe,2
dokku/dokku,2
jimjag/dokku,2
a-robinson/kubernetes,2
ignlg/dokku,2
veggiemonk/dokku-nginx8080,2
huang195/kubernetes,2
biddyweb/dokku,2
tilgovi/dokku,2
jamesblunt/dokku,2
stepri/dokku,2
mehulsbhatt/dokku-alt,2
TribeMedia/dokku,2
omeid/dokku,2
u2mejc/dokku,2
stephanieleevillanueva/pandasql,2
crisward/dokku,2
henrik/dokku,2
ericchiang/kubernetes,2
kgrvamsi/tupperwarewithspears,2
euank/kubernetes,2
JPry/dokku,2
Fab-IT-ApS/dokku,2
expa/dokku,2
caseydavenport/kubernetes,2
mmerickel/dokku,2
k82/kubernetes,2
ddreaml/dokku,2
sdaves/dokku,2
fkowal/dokku,2
supermario/dokku,2
neunhoef/universe,2
is00hcw/dokku,2
gianpaj/dokku,2
ksivask/universe,2
3onyc/dokku,2
suxor42/dokku,2
huangyuqi/kubernetes,2
matto1990/dokku,2
maciaszczykm/kubernetes,2
lunohodov/dokku,2
davidsiefert/dokku,2
erictune/kubernetes,2
vfulco/dokku-alt,2
pmvieira/dokku,2
callahad/dokku,2
markturansky/kubernetes,2
vijayviji/dokku,2
AnselZhangGit/dokku,2
beechnut/dokku-alt,2
alessio/dokku,2
progrium/dokku,2
yhat/pandasql,2
Cofyc/go,2
Rafe/dokku,2
eljojo/dokku,2
akatrevorjay/dokku,2
bewest/dokku-alt,2
jessfraz/atd,2
kennetham/dokku,2
sseemayer/dokku,2
errordeveloper/universe,2
econya/dokku,2
joridos/dokku,2
lmars/dokku,2
barseghyanartur/dokku,2
Cactusbone/dokku,2
beedesk/dokku,2
Harvey-OS/go,2
bridge-athletic/dokku,2
mrluc/dokku,2
3onyc/figure,2
alexsalas/dokku,2
gabrielrios/dokku,2
kevin-wangzefeng/kubernetes,2
paralin/crew,2
jessfraz/irssi,2
bitpesa/dokku,2
jakubholynet/dokku,2
arsthanea/dokku,2
mouserage/dokku,2
Evlos/dokku,2
alexskinner/dokku,2
neam/dokku,2
emdantrim/dokku,2
rocLv/dokku,2
codeconfab/dokku,2
stonebig/pandasql,2
jazzzz/dokku,2
bobvanderlinden/dokku,2
tianon/debian-golang-logrus,2
Avinash9/pandasql,2
jamesmarva/dokku,2
jessfraz/kubernetes,2
gabrielstein/dokku,2
gavioto/dokku,2
frog/dokku,2
Git-Host/dokku,2
airtoxin/pysqldf,2
cjblomqvist/dokku,2
beedesk/dokku-alt,2
stenius/dokku,2
vkurup/dokku,2
F4-Group/dokku,2
denji/dokku,2
arthurschreiber/dokku,2
ReddTea/atom,1
AlbertoBarrago/atom,1
lisonma/atom,1
rickard-von-essen/packer,1
brendandburns/kubernetes,1
israelshirk/packer,1
burnzy/packer,1
hujunlong/go-sqlite3,1
phamviet/boot2docker,1
krngrvr09/atom,1
renrutnnej/brooklynjs.github.io,1
runcom/compose,1
jeremyramin/atom,1
ilovezy/atom,1
victorgp/kubernetes,1
liuxiong332/atom,1
orientechnologies/docker-docs,1
rxkit/atom,1
square/keywhiz,1
stensonb/kubernetes,1
leangjia/docs,1
damieng/atom,1
BayanGroup/packer,1
orivej/packer,1
avldya/packer,1
dpwspoon/docs,1
Zanadar/boot2docker,1
qzio/compose,1
elkingtonmcb/atom,1
boxofrox/boot2docker,1
SvenDowideit/compose,1
simonista/compose,1
calou/compose,1
blakeembrey/atom,1
atom/atom,1
RuiDGoncalves/atom,1
jonboulle/kubernetes,1
mwl/universe,1
eosrei/kubernetes,1
Yelp/docker-compose,1
gzzhanghao/atom,1
gmarek/kubernetes,1
rookie125/atom,1
brooklynjs/brooklynjs.github.io,1
ober/packer,1
dsalas1/boot2docker,1
marius311/boot2docker,1
gesellix/boot2docker,1
eranchetz/packer,1
oliviertremblay/packer,1
yoctocloud/packer,1
deepfox/atom,1
ammeon/kubernetes,1
interisti/atom,1
vcarrera/atom,1
jtrose2/atom,1
kandros/atom,1
chaudum/docs,1
beni55/atom,1
DiogoXRP/atom,1
rishikksh20/atom,1
izayl/atom,1
mayank-io/packer,1
dieu/packer,1
oracle/docker-docs,1
slackpad/docs,1
ros-infrastructure/docs,1
scv119/atom,1
RichardLitt/brooklynjs.github.io,1
AlphaStaxLLC/packer,1
noplay/packer,1
vielmetti/compose,1
frapposelli/boot2docker,1
hernad/boot2docker,1
tylert/packer,1
manicai/packer,1
markpeek/packer,1
copasetickid/brooklynjs.github.io,1
codex8/atom,1
johnhaley81/atom,1
Andrey-Pavlov/atom,1
qskycolor/atom,1
davidcurrie/docs,1
mnshaw/kubernetes,1
Pensu/kubernetes,1
hpcloud/kubernetes,1
eghobo/kubernetes,1
jrabbit/compose,1
KalleDK/compose,1
YujiOshima/boot2docker,1
SensusDA/packer,1
atlassian/packer,1
justincampbell/packer,1
crazyquark/atom,1
burodepeper/atom,1
t9md/atom,1
yamhon/atom,1
dinogun/docs,1
bryonwinger/atom,1
Sheile/packer,1
rajdeepd/kubernetes,1
peterkuiper/docs,1
hagb4rd/atom,1
aaronmoodie/brooklynjs.github.io,1
amitkris/containerd,1
lantrix/packer,1
DualSpark/packer,1
kikkomep/compose,1
goloveychuk/compose,1
zhanggangbz/docs,1
visioncritical/packer,1
twinbit/boot2docker,1
akshatknsl/keywhiz,1
gfinocchiaro/docs,1
h0dgep0dge/atom,1
Katlean/fig,1
trumant/packer,1
yvan-sraka/atom,1
palita01/atom,1
githubteacher/atom,1
charleswhchan/atom,1
vaginessa/boot2docker,1
sgirones/packer,1
shliujing/boot2docker,1
cgvarela/boot2docker,1
skippbox/kubernetes,1
rhcarvalho/kubernetes,1
ngineered/docs,1
folpindo/atom,1
ardeshirj/atom,1
craigdragon17/atom,1
mrodalgaard/atom,1
jakelly/docs,1
clh021/boot2docker,1
iamjakob/boot2docker,1
mapnull/boot2docker,1
rrva/packer,1
brkt/packer,1
danschaffer/packer,1
mefellows/packer,1
jfuentes/atom,1
yangchenghu/atom,1
synaptek/atom,1
TeamFairmont/go-sqlite3,1
oszi/kubernetes,1
crate/docker-docs,1
VinceBarresi/compose,1
Abdillah/atom,1
HipsterBrown/brooklynjs.github.io,1
arizvisa/packer,1
sneal/packer,1
tas50/packer,1
zeliff/packer,1
kxes/docktop-os,1
simonvanderveldt/boot2docker-zfs,1
ralphtheninja/compose,1
sdurrheimer/compose,1
hypriot/compose,1
abhgupta/kubernetes,1
au-phiware/compose,1
browning/compose,1
thresheek/official-images,1
jennschiffer/brooklynjs.github.io,1
esemplare/packer,1
acaire/packer,1
uvgroovy/compose,1
funkyfuture/docker-compose,1
hoelzro/docker-library-docs,1
chfritz/atom,1
brumm/atom,1
hakatashi/atom,1
kouketsu/atom,1
ChrisChinchilla/compose,1
TomasTomecek/compose,1
tomwganem/boot2docker,1
dockerhn/compose,1
basarat/atom,1
PKRoma/atom,1
ouliuspltium/atom,1
sxgao3001/atom,1
sdminonne/kubernetes,1
pmorie/kubernetes,1
crunk1/packer,1
dev-head/packer,1
mansunkuo/packer,1
derekwaynecarr/kubernetes,1
viranch/compose,1
thaJeztah/containerd,1
kc8wxm/atom,1
AryanShadowhunter/atom,1
kjav/atom,1
efatsi/atom,1
Tandysony/atom,1
tomitribe/docs,1
roackb2/kubernetes,1
tfoote/docker-library-docs,1
devmario/atom,1
Jdesk/atom,1
rjattrill/atom,1
originye/atom,1
jperrin/official-images,1
xytis/go-plugins-helpers,1
aneeshusa/packer,1
dweinstein/boot2docker,1
bsmr-docker/compose,1
jonaseck2/compose,1
kojiromike/compose,1
schmunk42/compose,1
lnmunhoz/compose,1
emilevauge/official-images,1
acontreras89/atom,1
mysql/mysql-docker-docs,1
thockin/kubernetes,1
jbeda/kubernetes,1
gopher-net/dknet,1
Rychard/atom,1
bradparks/packer__create_vm_for_aws_docker_vagrant_etc,1
lokulin/packer,1
akievet/brooklynjs.github.io,1
Sangaroonaom/atom,1
BrainCrumbz/atom,1
me-benni/atom,1
bsmr-x-script/atom,1
31z4/docs,1
esmail/docs,1
burdara/kubernetes,1
freehan/kubernetes,1
odoo/docker-docs,1
alexandergmann/atom,1
Neron-X5/atom,1
sarahmeyer/brooklynjs.github.io,1
Cbeck527/packer,1
jen20/packer,1
cyberhouse/packer,1
vdemeester/compose,1
mnuessler/compose,1
ain/compose,1
jarl-dk/packer,1
beni55/packer,1
jmelfi/packer,1
bhcleek/packer,1
rememberlenny/brooklynjs.github.io,1
yomybaby/atom,1
avdg/atom,1
tony612/atom,1
Jandersolutions/atom,1
boucher/brooklynjs.github.io,1
whuwxl/boot2docker,1
ZuoGuocai/boot2docker,1
ionrock/compose,1
tpounds/compose,1
glogiotatidis/compose,1
zhangspook/compose,1
transcranial/atom,1
ttaylor249/packer,1
pkdevbox/atom,1
dancrumb/docs,1
ppamorim/atom,1
nrodriguez13/atom,1
fang-yufeng/atom,1
jkhelil/kubernetes,1
john-kelly/atom,1
shaunduncan/packer,1
taliesins/packer,1
fnoeding/packer,1
leroux/packer,1
jjn2009/boot2docker,1
nyasukun/openstackcraft,1
moxiegirl/compose,1
skoblenick/docker-compose,1
thieman/compose,1
vol4ikman/atom,1
stuartquin/atom,1
russlescai/atom,1
masbog/packer,1
handlers/packer,1
larsbutler/boot2docker,1
jorgeLuizChaves/compose,1
jgeiger/compose,1
vlajos/compose,1
infosiftr/docker-library-docs,1
prembasumatary/atom,1
docker/compose,1
bbirand/compose,1
bencolon/atom,1
mark-adams/compose,1
appropriate/boot2docker,1
marceloaqno/boot2docker,1
shakamunyi/libcontainer,1
boumenot/packer,1
Banno/packer,1
atom-community/atom,1
anuwat121/atom,1
dkfiresky/atom,1
n-riesco/atom,1
MjAbuz/atom,1
vjeux/atom,1
stvb/compose,1
legal90/packer,1
scipetr/compose,1
janrotter/boot2docker,1
mindjiver/packer,1
Mokolea/atom,1
emil10001/docs,1
moander/docs,1
arashbina/kubernetes,1
tracyde/packer,1
mikesherov/boot2docker,1
ph-One/compose,1
ekristen/compose,1
thaihau/docs,1
dsandstrom/atom,1
gbarberi/packer,1
imduffy15/packer,1
rakyll/containerd,1
bronzehedwick/brooklynjs.github.io,1
docker-solr/official-images,1
tmunro/atom,1
paulcbetts/atom,1
jjz/atom,1
wvanlint/atom,1
avoinea/docs,1
atyenoria/docs,1
chengky/atom,1
stinsonga/atom,1
jlord/atom,1
sansb/packer,1
routelastresort/packer,1
aanand/fig,1
bobphill/compose,1
josephpage/compose,1
ggtools/compose,1
mchasal/compose,1
zchee/boot2docker-legacy,1
bryson/packer,1
mkuzmin/packer,1
j-delaney/cfssl,1
batjko/atom,1
jritenour/docs,1
mnquintana/atom,1
metral/kubernetes,1
gerred/kubernetes,1
joe2far/kubernetes,1
matthewschallenkamp/atom,1
akonwi/atom,1
lenxeon/atom,1
medzin/cfssl,1
ericandrewlewis/brooklynjs.github.io,1
pweil-/kubernetes,1
emilevauge/docs,1
tjkr/atom,1
styro/packer,1
brunocascio/compose,1
isghe/atom,1
Lightstreamer/docs,1
sjenning/kubernetes,1
brettle/atom,1
hasJackb/packer,1
ailispaw/boot2docker,1
MSakamaki/compose,1
resin-io-library/docs,1
davideg/atom,1
clstokes/packer,1
grange74/packer,1
vtolstov/packer,1
fedorov/atom,1
darwin/atom,1
brimstone/docker-compose,1
screwgoth/compose,1
rstacruz/compose,1
dezon/boot2docker,1
LinusU/packer,1
mgk/packer,1
johnkpaul/brooklynjs.github.io,1
alfredxing/atom,1
001szymon/atom,1
Hasimir/atom,1
akshaybahetii/kubernetes,1
bashilbers/atom,1
VIVEKLUCKY1848/atom,1
jgkim/packer,1
ashneo76/atom,1
sebmck/atom,1
haozi23333/atom,1
andviro/go-sqlite3,1
appropriate/docker-library-docs,1
mattrobenolt/docs,1
artemkaint/compose,1
vefimova/kubernetes,1
zhouhaibing089/kubernetes,1
asalkeld/kubernetes,1
lovesnow/atom,1
jacekkopecky/atom,1
yalexx/atom,1
nvoron23/atom,1
jamesbishopp/packer,1
testshotagit/docs,1
nghiant2710/docs,1
MarkBruns/fxrz.io,1
ogdans3/testing,1
janecakemaster/brooklynjs.github.io,1
sequenceiq/packer,1
grubernaut/packer,1
leon/docker-docs,1
dannyflax/atom,1
wiggzz/atom,1
astawiarski/docs,1
nolanlawson/brooklynjs.github.io,1
rowhit/boot2docker,1
c0b/official-images-docs,1
yuriyf/docs,1
golang/sys,1
hellendag/atom,1
sekcheong/atom,1
kpettijohn/packer,1
Dennis1978/atom,1
devoncarew/atom,1
abcP9110/atom,1
tisu2tisu/atom,1
kittens/atom,1
panuchart/atom,1
nats-io/docs,1
SlimeQ/atom,1
jordanbtucker/atom,1
svanharmelen/atom,1
YunchengLiao/atom,1
paladique/brooklynjs.github.io,1
paulvollmer/packer,1
nanobox-images/boot2docker,1
Jandersoft/atom,1
cyzn/atom,1
d2bit/compose,1
sebglazebrook/compose,1
higebu/packer,1
ewlin/brooklynjs.github.io,1
Xiol/packer,1
tomwilkie/packer,1
rodm/packer,1
drone/go-github,1
lukemarsden/compose,1
xydinesh/compose,1
nhumrich/compose,1
mdaue/compose,1
pspierce/compose,1
jessekl/compose,1
boot2docker/boot2docker,1
avagin/libcontainer,1
icecrime/libcontainer,1
dragon788/packer,1
StefanScherer/packer,1
linclark/brooklynjs.github.io,1
rmartin/atom,1
ssorallen/atom,1
pombredanne/atom,1
varunagrawal/atom,1
mertkahyaoglu/atom,1
kaicataldo/atom,1
bascht/docs,1
jszczepkowski/kubernetes,1
neo4j-contrib/docs,1
funkyfuture/docker-library-docs,1
wallyqs/docs,1
cloudkitsch/atom,1
hpham04/atom,1
ralphtheninja/atom,1
harshdattani/atom,1
Galactix/atom,1
ephemeralsnow/packer,1
mosquito/docker-compose,1
jd-daniels/boot2docker,1
mrunalp/libcontainer,1
napramirez/packer,1
evertrue/packer,1
monsterzz/packer,1
dmetzler/docker-library-docs,1
docker-solr/docs,1
godu/docs,1
GDuarteL/atom-ESOF,1
qiujuer/atom,1
youhong316/packer,1
btd/packer,1
RichardScothern/notary,1
cgvarela/compose,1
jlowdermilk/kubernetes,1
onmomo/boot2docker,1
SvenDowideit/boot2docker,1
umang1912/packer,1
tanin47/atom,1
Huaraz2/atom,1
vinodpanicker/atom,1
phord/atom,1
docker/containerd,1
pearkes/packer,1
gildas/packer-hyperv,1
jeanpralo/compose,1
errordeveloper/kubernetes,1
arangodb/docs,1
tiagolo/docs,1
Ju2ender/atom,1
mostafaeweda/atom,1
matthewclendening/atom,1
paulmey/packer,1
johnrizzo1/atom,1
iamluc/compose,1
jamesleech/packer,1
ba3-us/go-sqlite3,1
mtb-xt/packer,1
Locke23rus/atom,1
mpichette/docs,1
clakech/docs,1
josegonzalez/docs,1
FujitsuEnablingSoftwareTechnologyGmbH/kubernetes,1
mcpherrinm/keywhiz,1
cclauss/compose,1
volmarl/docs,1
marklap/packer,1
jasonchaffee/packer,1
travisirby/brooklynjs.github.io,1
niklabh/atom,1
egamma/atom,1
ivoadf/atom,1
woss/atom,1
hharchani/atom,1
NunoEdgarGub1/atom,1
alejdg/docs,1
timoreimann/kubernetes,1
Acidburn0zzz/docs-5,1
Bonitasoft-Community/docker_docs,1
yonglehou/packer,1
stevesloka/kubecraft,1
dreamsxin/atom,1
KENJU/atom,1
docker/go-plugins-helpers,1
ccvermeulen/boot2docker,1
rsvip/aTom,1
docker/gordon,1
mvanholsteijn/packer,1
henrysher/packer,1
andyneff/boot2docker,1
docker/irc-minutes,1
talolard/compose,1
deoxilix/atom,1
dantran/packer,1
byronhulcher/brooklynjs.github.io,1
yyx990803/brooklynjs.github.io,1
pengshp/atom,1
scippio/atom,1
Pandacorn/atom,1
zendtech/docs,1
chorrell/docs,1
booyaa/docs,1
lwhit3/docs,1
Arcanemagus/atom,1
florianb/atom,1
olmokramer/atom,1
icnocop/packer,1
rlugojr/atom,1
wl2002/cfssl,1
monkeylittleinc/packer,1
docker/dockercraft,1
upmc-enterprises/kubernetes,1
CraZySacX/atom,1
gabrielPeart/atom,1
reneploetz/boot2docker,1
zchrykng/vim,1
humblec/kubernetes,1
RobertNorthard/compose,1
prologic/compose,1
dopry/compose,1
bcoe/atom,1
ihmccreery/kubernetes,1
adeindie/atom,1
yqian1991/boot2docker,1
tiry/compose,1
andyzheng0831/kubernetes,1
BradleyA/docs,1
splodingsocks/atom,1
omarhuanca/atom,1
ZettaIO/packer,1
shin-/compose,1
mynameismevin/docs,1
dgageot/docs,1
GHackAnonymous/atom,1
philwrenn/compose,1
TheDataShed/compose,1
genki/compose,1
docteurklein/fig,1
DoubleMalt/compose,1
ldejager/packer,1
RobinTec/atom,1
dlorenc/kubernetes,1
hanwoody/docs,1
Deraj82901/atom,1
amine7536/atom,1
jonathankarsh/packer,1
jszwedko/packer,1
champagnez/atom,1
G-Baby/atom,1
falehomar/atom,1
alexandrev/compose,1
hecklerm/docs,1
nats-io/docker-docs,1
AlisaKiatkongkumthon/atom,1
FoldingText/atom,1
mindaugasrukas/compose,1
noironetworks/compose,1
marcusmartins/compose,1
dduportal/boot2docker,1
jmptrader/packer,1
jeresig/brooklynjs.github.io,1
threatstream/packer,1
medovob/atom,1
sandoracs/docs,1
jae2/packer,1
qur/packer,1
zakuro9715/packer,1
dnephin/compose,1
twitherspoon/compose,1
yifan-gu/kubernetes,1
CenturyLinkCloud/adm-forked-kubernetes,1
xeodou/go-sqlcipher,1
andyhatman/atom,1
Silver90/packer,1
ObviouslyGreen/atom,1
mnowster/compose,1
charleswhchan/compose,1
bfirsh/fig,1
gtrdotmcs/compose,1
bubaflub/packer,1
bensojona/packer,1
sillvan/atom,1
bj7/atom,1
Starefossen/docs,1
Sauraus/keywhiz,1
feelobot/compose,1
saada/compose,1
ZJaffee/compose,1
jsternberg/packer,1
faustinoaq/atom,1
daxlab/atom,1
pecigonzalo/packer,1
mrfuxi/compose,1
sllawap/compose,1
docker/go-units,1
kevinschaich/packer,1
hazelesque/packer,1
rnaveiras/packer,1
vhutheesing/atom,1
dijs/atom,1
xgqfrms/atom,1
ceejatec/docs,1
matchstick/kubernetes,1
joewalnes/go-sqlite3,1
ykeisuke/atom,1
gisenberg/atom,1
Klozz/atom,1
xiongjungit/boot2docker,1
mayflower/packer,1
renxinhe/atom,1
angila/atom,1
g2p/atom,1
jssln/atom,1
Simpleyyt/docs,1
dictybase-docker/docs,1
Austen-G/BlockBuilder,1
olegshaldybin/kubernetes,1
koep/kubernetes,1
denverdino/compose,1
thaJeztah/compose,1
tangkun75/compose,1
gitfred/kubernetes,1
copejon/kubernetes,1
shaxbee/go-sqlite3,1
ezeoleaf/atom,1
Jonekee/atom,1
chustar/atom,1
bahmutov/brooklynjs.github.io,1
DavidGosselin/atom,1
mattn/go-sqlite3,1
einarmagnus/atom,1
nucked/atom,1
toqz/atom,1
helber/atom,1
benbc/docker-official-images,1
jessfraz/debian-criu,1
stagrlee/packer,1
j-fuentes/compose,1
alunduil/fig,1
unodba/compose,1
feateds/packer,1
jean/packer,1
jetty-project/docker-docs,1
Ingramz/atom,1
Shekharrajak/atom,1
Harish-R/atom,1
mbailey/compose,1
albers/compose,1
sitepod/kubernetes,1
JacerOmri/docs,1
docker-library/docs,1
Scriptkiddi/docs,1
mdumrauf/atom,1
jessfraz/containerd,1
mohae/packer,1
dilgerma/compose,1
CoreMedia/packer,1
brycefisher/packer,1
Unitech/brooklynjs.github.io,1
haneric21/cfssl,1
boomwaiza/atom,1
nagyistoce/odoo-docker-docs,1
Random-Liu/kubernetes,1
mkumatag/kubernetes,1
ironbox360/atom,1
mhart/brooklynjs.github.io,1
jessehub/packer,1
zchee/boot2docker,1
gdevillele/dockercraft,1
tianon/boot2docker-legacy,1
sky-uk/kubernetes,1
movecodemove/boot2docker,1
kevinc0825/packer,1
samdunne/packer,1
0x73/atom,1
lpommers/atom,1
hongchaodeng/kubernetes,1
vmware/kubernetes,1
BastianHofmann/docs-1,1
me6iaton/atom,1
au-phiware/boot2docker,1
jango2015/boot2docker,1
andrewrynhard/packer,1
seedtigo/atom,1
kdheepak89/atom,1
EIrwin/docs,1
pierreozoux/docs,1
oggy/atom,1
rohanthacker/atom,1
targeter21/atom,1
uber/packer,1
benjamingarcia/boot2docker,1
lmesz/compose,1
fredericksilva/atom,1
BogusCurry/atom,1
KFishner/packer,1
karlito40/atom,1
benhamill/compose,1
jiekechoo/compose,1
nerro/compose,1
Afforess/atom,1
truckingsim/brooklynjs.github.io,1
Akasurde/packer,1
ChrisLundquist/packer,1
Dakno/compose,1
michael-k/docker-compose,1
jgrowl/compose,1
sobrinho/packer,1
marc-ta/packer,1
jperrin/docs,1
mohitsoni/compose,1
cls1991/boot2docker,1
MSOpenTech/packer,1
kgrvamsi/packer,1
rk295/packer,1
maryrosecook/brooklynjs.github.io,1
ali/atom,1
gambol99/kubernetes,1
Chouser/compose,1
JacobTanenbaum/kubernetes,1
sublimino/docs-1,1
snailwalker/docs,1
c0b/docs,1
elsonrodriguez/kubernetes,1
cocosmake/atom,1
Rodjana/atom,1
constanzaurzua/atom,1
fscherwi/atom,1
mafrosis/packer,1
blairham/packer,1
amitsaha/compose,1
KevinGreene/compose,1
rgbkrk/compose,1
SaiedKazemi/libcontainer-criu,1
mitchellh/packer,1
emorikawa/brooklynjs.github.io,1
